{"success": false, "evaluation_parameters": {}, "statistics": {"evaluated_expectations": 16, "successful_expectations": 11, "unsuccessful_expectations": 5, "success_percent": 68.75}, "meta": {"great_expectations_version": "0.13.14", "expectation_suite_name": "aermokhin.ods_payment.warning", "run_id": {"run_time": "2021-05-11T12:01:36.338825+00:00", "run_name": "20210511T120136.338825Z"}, "batch_kwargs": {"data_asset_name": "aermokhin.ods_payment", "datasource": "gp", "limit": 1000, "schema": "aermokhin", "table": "ods_payment"}, "batch_markers": {"ge_load_time": "20210511T120135.174753Z"}, "batch_parameters": null, "validation_time": "20210511T120136.356818Z"}, "results": [{"success": true, "meta": {}, "result": {"observed_value": 1000}, "exception_info": {"raised_exception": false, "exception_message": null, "exception_traceback": null}, "expectation_config": {"expectation_type": "expect_table_row_count_to_be_between", "kwargs": {"max_value": 1100, "min_value": 900, "result_format": {"result_format": "SUMMARY", "partial_unexpected_count": 20}}, "meta": {}}}, {"success": true, "meta": {}, "result": {"observed_value": 8}, "exception_info": {"raised_exception": false, "exception_message": null, "exception_traceback": null}, "expectation_config": {"expectation_type": "expect_table_column_count_to_equal", "kwargs": {"value": 8, "result_format": {"result_format": "SUMMARY", "partial_unexpected_count": 20}}, "meta": {}}}, {"success": true, "meta": {}, "result": {"observed_value": ["user_id", "pay_doc_type", "pay_doc_num", "account", "phone", "billing_period", "pay_date", "sum"]}, "exception_info": {"raised_exception": false, "exception_message": null, "exception_traceback": null}, "expectation_config": {"expectation_type": "expect_table_columns_to_match_ordered_list", "kwargs": {"column_list": ["user_id", "pay_doc_type", "pay_doc_num", "account", "phone", "billing_period", "pay_date", "sum"], "result_format": {"result_format": "SUMMARY", "partial_unexpected_count": 20}}, "meta": {}}}, {"success": true, "meta": {}, "result": {"element_count": 1000, "unexpected_count": 0, "unexpected_percent": 0.0, "unexpected_percent_total": 0.0, "partial_unexpected_list": []}, "exception_info": {"raised_exception": false, "exception_message": null, "exception_traceback": null}, "expectation_config": {"expectation_type": "expect_column_values_to_not_be_null", "kwargs": {"column": "pay_doc_type", "result_format": {"result_format": "SUMMARY", "partial_unexpected_count": 20}}, "meta": {}}}, {"success": true, "meta": {}, "result": {"observed_value": ["MASTER", "MIR", "VISA"], "element_count": 1000, "missing_count": null, "missing_percent": null, "details": {"value_counts": [{"value": "MASTER", "count": 333}, {"value": "MIR", "count": 357}, {"value": "VISA", "count": 310}]}}, "exception_info": {"raised_exception": false, "exception_message": null, "exception_traceback": null}, "expectation_config": {"expectation_type": "expect_column_distinct_values_to_be_in_set", "kwargs": {"column": "pay_doc_type", "value_set": ["MASTER", "MIR", "VISA"], "result_format": {"result_format": "SUMMARY", "partial_unexpected_count": 20}}, "meta": {}}}, {"success": true, "meta": {}, "result": {"observed_value": 0.0007568670123792457, "element_count": 1000, "missing_count": null, "missing_percent": null, "details": {"observed_partition": {"values": ["MASTER", "MIR", "VISA"], "weights": [0.333, 0.357, 0.31]}, "expected_partition": {"values": ["MASTER", "MIR", "VISA"], "weights": [0.346, 0.339, 0.315]}}}, "exception_info": {"raised_exception": false, "exception_message": null, "exception_traceback": null}, "expectation_config": {"expectation_type": "expect_column_kl_divergence_to_be_less_than", "kwargs": {"column": "pay_doc_type", "partition_object": {"values": ["MASTER", "MIR", "VISA"], "weights": [0.346, 0.339, 0.315]}, "threshold": 0.6, "result_format": {"result_format": "SUMMARY", "partial_unexpected_count": 20}}, "meta": {}}}, {"success": true, "meta": {}, "result": {"element_count": 1000, "unexpected_count": 0, "unexpected_percent": 0.0, "unexpected_percent_total": 0.0, "partial_unexpected_list": []}, "exception_info": {"raised_exception": false, "exception_message": null, "exception_traceback": null}, "expectation_config": {"expectation_type": "expect_column_values_to_not_be_null", "kwargs": {"column": "pay_doc_num", "result_format": {"result_format": "SUMMARY", "partial_unexpected_count": 20}}, "meta": {}}}, {"success": false, "meta": {}, "result": {"observed_value": 136, "element_count": 1000, "missing_count": null, "missing_percent": null}, "exception_info": {"raised_exception": false, "exception_message": null, "exception_traceback": null}, "expectation_config": {"expectation_type": "expect_column_min_to_be_between", "kwargs": {"column": "pay_doc_num", "max_value": 5, "min_value": 3, "result_format": {"result_format": "SUMMARY", "partial_unexpected_count": 20}}, "meta": {}}}, {"success": false, "meta": {}, "result": {"observed_value": 49970, "element_count": 1000, "missing_count": null, "missing_percent": null}, "exception_info": {"raised_exception": false, "exception_message": null, "exception_traceback": null}, "expectation_config": {"expectation_type": "expect_column_max_to_be_between", "kwargs": {"column": "pay_doc_num", "max_value": 49990, "min_value": 49988, "result_format": {"result_format": "SUMMARY", "partial_unexpected_count": 20}}, "meta": {}}}, {"success": false, "meta": {}, "result": {"observed_value": 25345.677, "element_count": 1000, "missing_count": null, "missing_percent": null}, "exception_info": {"raised_exception": false, "exception_message": null, "exception_traceback": null}, "expectation_config": {"expectation_type": "expect_column_mean_to_be_between", "kwargs": {"column": "pay_doc_num", "max_value": 25420.654, "min_value": 25418.654, "result_format": {"result_format": "SUMMARY", "partial_unexpected_count": 20}}, "meta": {}}}, {"success": false, "meta": {}, "result": {"observed_value": 25007.0, "element_count": 1000, "missing_count": null, "missing_percent": null}, "exception_info": {"raised_exception": false, "exception_message": null, "exception_traceback": null}, "expectation_config": {"expectation_type": "expect_column_median_to_be_between", "kwargs": {"column": "pay_doc_num", "max_value": 25384.5, "min_value": 25382.5, "result_format": {"result_format": "SUMMARY", "partial_unexpected_count": 20}}, "meta": {}}}, {"success": false, "meta": {}, "result": {"observed_value": {"quantiles": [0.05, 0.25, 0.5, 0.75, 0.95], "values": [3173, 12993, 24982, 37631, 48211]}, "element_count": 1000, "missing_count": null, "missing_percent": null, "details": {"success_details": [false, false, false, false, false]}}, "exception_info": {"raised_exception": false, "exception_message": null, "exception_traceback": null}, "expectation_config": {"expectation_type": "expect_column_quantile_values_to_be_between", "kwargs": {"allow_relative_error": true, "column": "pay_doc_num", "quantile_ranges": {"quantiles": [0.05, 0.25, 0.5, 0.75, 0.95], "value_ranges": [[3158, 3160], [12867, 12869], [25360, 25362], [38125, 38127], [48055, 48057]]}, "result_format": {"result_format": "SUMMARY", "partial_unexpected_count": 20}}, "meta": {}}}, {"success": true, "meta": {}, "result": {"element_count": 1000, "unexpected_count": 0, "unexpected_percent": 0.0, "unexpected_percent_total": 0.0, "partial_unexpected_list": []}, "exception_info": {"raised_exception": false, "exception_message": null, "exception_traceback": null}, "expectation_config": {"expectation_type": "expect_column_values_to_not_be_null", "kwargs": {"column": "account", "result_format": {"result_format": "SUMMARY", "partial_unexpected_count": 20}}, "meta": {}}}, {"success": true, "meta": {}, "result": {"element_count": 1000, "missing_count": 0, "missing_percent": 0.0, "unexpected_count": 0, "unexpected_percent": 0.0, "unexpected_percent_total": 0.0, "unexpected_percent_nonmissing": 0.0, "partial_unexpected_list": [], "partial_unexpected_index_list": null, "partial_unexpected_counts": []}, "exception_info": {"raised_exception": false, "exception_message": null, "exception_traceback": null}, "expectation_config": {"expectation_type": "expect_column_value_lengths_to_be_between", "kwargs": {"column": "account", "min_value": 1, "result_format": {"result_format": "SUMMARY", "partial_unexpected_count": 20}}, "meta": {}}}, {"success": true, "meta": {}, "result": {"element_count": 1000, "unexpected_count": 0, "unexpected_percent": 0.0, "unexpected_percent_total": 0.0, "partial_unexpected_list": []}, "exception_info": {"raised_exception": false, "exception_message": null, "exception_traceback": null}, "expectation_config": {"expectation_type": "expect_column_values_to_not_be_null", "kwargs": {"column": "pay_date", "result_format": {"result_format": "SUMMARY", "partial_unexpected_count": 20}}, "meta": {}}}, {"success": true, "meta": {}, "result": {"element_count": 1000, "missing_count": 0, "missing_percent": 0.0, "unexpected_count": 0, "unexpected_percent": 0.0, "unexpected_percent_total": 0.0, "unexpected_percent_nonmissing": 0.0, "partial_unexpected_list": [], "partial_unexpected_index_list": null, "partial_unexpected_counts": []}, "exception_info": {"raised_exception": false, "exception_message": null, "exception_traceback": null}, "expectation_config": {"expectation_type": "expect_column_values_to_be_between", "kwargs": {"column": "pay_date", "max_value": "2015-12-31 00:00:00", "min_value": "2012-01-04 00:00:00", "parse_strings_as_datetimes": true, "result_format": {"result_format": "SUMMARY", "partial_unexpected_count": 20}}, "meta": {}}}]}