{"evaluation_parameters": {}, "success": true, "results": [{"expectation_config": {"expectation_type": "expect_table_row_count_to_be_between", "meta": {}, "kwargs": {"max_value": 1100, "min_value": 900, "result_format": {"result_format": "SUMMARY", "partial_unexpected_count": 20}}}, "success": true, "meta": {}, "result": {"observed_value": 1000}, "exception_info": {"raised_exception": false, "exception_message": null, "exception_traceback": null}}, {"expectation_config": {"expectation_type": "expect_table_column_count_to_equal", "meta": {}, "kwargs": {"value": 6, "result_format": {"result_format": "SUMMARY", "partial_unexpected_count": 20}}}, "success": true, "meta": {}, "result": {"observed_value": 6}, "exception_info": {"raised_exception": false, "exception_message": null, "exception_traceback": null}}, {"expectation_config": {"expectation_type": "expect_table_columns_to_match_ordered_list", "meta": {}, "kwargs": {"column_list": ["user_id", "billing_period", "service", "tariff", "sum", "created_at"], "result_format": {"result_format": "SUMMARY", "partial_unexpected_count": 20}}}, "success": true, "meta": {}, "result": {"observed_value": ["user_id", "billing_period", "service", "tariff", "sum", "created_at"]}, "exception_info": {"raised_exception": false, "exception_message": null, "exception_traceback": null}}, {"expectation_config": {"expectation_type": "expect_column_values_to_not_be_null", "meta": {}, "kwargs": {"column": "tariff", "result_format": {"result_format": "SUMMARY", "partial_unexpected_count": 20}}}, "success": true, "meta": {}, "result": {"element_count": 1000, "unexpected_count": 0, "unexpected_percent": 0.0, "unexpected_percent_total": 0.0, "partial_unexpected_list": []}, "exception_info": {"raised_exception": false, "exception_message": null, "exception_traceback": null}}, {"expectation_config": {"expectation_type": "expect_column_distinct_values_to_be_in_set", "meta": {}, "kwargs": {"column": "tariff", "value_set": ["Gigabyte", "Maxi", "Megabyte", "Mini"], "result_format": {"result_format": "SUMMARY", "partial_unexpected_count": 20}}}, "success": true, "meta": {}, "result": {"observed_value": ["Gigabyte", "Maxi", "Megabyte", "Mini"], "element_count": 1000, "missing_count": null, "missing_percent": null, "details": {"value_counts": [{"value": "Gigabyte", "count": 235}, {"value": "Maxi", "count": 246}, {"value": "Megabyte", "count": 264}, {"value": "Mini", "count": 255}]}}, "exception_info": {"raised_exception": false, "exception_message": null, "exception_traceback": null}}, {"expectation_config": {"expectation_type": "expect_column_kl_divergence_to_be_less_than", "meta": {}, "kwargs": {"column": "tariff", "partition_object": {"values": ["Gigabyte", "Maxi", "Megabyte", "Mini"], "weights": [0.254, 0.254, 0.266, 0.226]}, "threshold": 0.6, "result_format": {"result_format": "SUMMARY", "partial_unexpected_count": 20}}}, "success": true, "meta": {}, "result": {"observed_value": 0.002649688140547165, "element_count": 1000, "missing_count": null, "missing_percent": null, "details": {"observed_partition": {"values": ["Gigabyte", "Maxi", "Megabyte", "Mini"], "weights": [0.235, 0.246, 0.264, 0.255]}, "expected_partition": {"values": ["Gigabyte", "Maxi", "Megabyte", "Mini"], "weights": [0.254, 0.254, 0.266, 0.226]}}}, "exception_info": {"raised_exception": false, "exception_message": null, "exception_traceback": null}}, {"expectation_config": {"expectation_type": "expect_column_values_to_not_be_null", "meta": {}, "kwargs": {"column": "billing_period", "result_format": {"result_format": "SUMMARY", "partial_unexpected_count": 20}}}, "success": true, "meta": {}, "result": {"element_count": 1000, "unexpected_count": 0, "unexpected_percent": 0.0, "unexpected_percent_total": 0.0, "partial_unexpected_list": []}, "exception_info": {"raised_exception": false, "exception_message": null, "exception_traceback": null}}, {"expectation_config": {"expectation_type": "expect_column_value_lengths_to_be_between", "meta": {}, "kwargs": {"column": "billing_period", "min_value": 1, "result_format": {"result_format": "SUMMARY", "partial_unexpected_count": 20}}}, "success": true, "meta": {}, "result": {"element_count": 1000, "missing_count": 0, "missing_percent": 0.0, "unexpected_count": 0, "unexpected_percent": 0.0, "unexpected_percent_total": 0.0, "unexpected_percent_nonmissing": 0.0, "partial_unexpected_list": [], "partial_unexpected_index_list": null, "partial_unexpected_counts": []}, "exception_info": {"raised_exception": false, "exception_message": null, "exception_traceback": null}}, {"expectation_config": {"expectation_type": "expect_column_values_to_not_be_null", "meta": {}, "kwargs": {"column": "created_at", "result_format": {"result_format": "SUMMARY", "partial_unexpected_count": 20}}}, "success": true, "meta": {}, "result": {"element_count": 1000, "unexpected_count": 0, "unexpected_percent": 0.0, "unexpected_percent_total": 0.0, "partial_unexpected_list": []}, "exception_info": {"raised_exception": false, "exception_message": null, "exception_traceback": null}}, {"expectation_config": {"expectation_type": "expect_column_values_to_be_between", "meta": {}, "kwargs": {"column": "created_at", "max_value": "2015-12-30 00:00:00", "min_value": "2012-01-02 00:00:00", "parse_strings_as_datetimes": true, "result_format": {"result_format": "SUMMARY", "partial_unexpected_count": 20}}}, "success": true, "meta": {}, "result": {"element_count": 1000, "missing_count": 0, "missing_percent": 0.0, "unexpected_count": 0, "unexpected_percent": 0.0, "unexpected_percent_total": 0.0, "unexpected_percent_nonmissing": 0.0, "partial_unexpected_list": [], "partial_unexpected_index_list": null, "partial_unexpected_counts": []}, "exception_info": {"raised_exception": false, "exception_message": null, "exception_traceback": null}}], "meta": {"great_expectations_version": "0.13.14", "expectation_suite_name": "aermokhin.ods_billing.warning", "run_id": {"run_time": "2021-05-11T11:52:50.992366+00:00", "run_name": "20210511T115250.992366Z"}, "batch_kwargs": {"data_asset_name": "aermokhin.ods_billing", "datasource": "gp", "limit": 1000, "schema": "aermokhin", "table": "ods_billing"}, "batch_markers": {"ge_load_time": "20210511T115249.886638Z"}, "batch_parameters": null, "validation_time": "20210511T115251.010358Z"}, "statistics": {"evaluated_expectations": 10, "successful_expectations": 10, "unsuccessful_expectations": 0, "success_percent": 100.0}}