{"meta": {"great_expectations_version": "0.13.14", "expectation_suite_name": "aermokhin.ods_traffic.warning", "run_id": {"run_time": "2021-05-11T11:59:12.626074+00:00", "run_name": "20210511T115912.626074Z"}, "batch_kwargs": {"data_asset_name": "aermokhin.ods_traffic", "datasource": "gp", "limit": 1000, "schema": "aermokhin", "table": "ods_traffic"}, "batch_markers": {"ge_load_time": "20210511T115910.744204Z"}, "batch_parameters": null, "validation_time": "20210511T115912.644415Z"}, "success": false, "statistics": {"evaluated_expectations": 16, "successful_expectations": 13, "unsuccessful_expectations": 3, "success_percent": 81.25}, "results": [{"meta": {}, "success": true, "exception_info": {"raised_exception": false, "exception_message": null, "exception_traceback": null}, "result": {"observed_value": 1000}, "expectation_config": {"expectation_type": "expect_table_row_count_to_be_between", "meta": {}, "kwargs": {"max_value": 1100, "min_value": 900, "result_format": {"result_format": "SUMMARY", "partial_unexpected_count": 20}}}}, {"meta": {}, "success": true, "exception_info": {"raised_exception": false, "exception_message": null, "exception_traceback": null}, "result": {"observed_value": 6}, "expectation_config": {"expectation_type": "expect_table_column_count_to_equal", "meta": {}, "kwargs": {"value": 6, "result_format": {"result_format": "SUMMARY", "partial_unexpected_count": 20}}}}, {"meta": {}, "success": true, "exception_info": {"raised_exception": false, "exception_message": null, "exception_traceback": null}, "result": {"observed_value": ["user_id", "timestamp", "device_id", "device_ip_addr", "bytes_sent", "bytes_received"]}, "expectation_config": {"expectation_type": "expect_table_columns_to_match_ordered_list", "meta": {}, "kwargs": {"column_list": ["user_id", "timestamp", "device_id", "device_ip_addr", "bytes_sent", "bytes_received"], "result_format": {"result_format": "SUMMARY", "partial_unexpected_count": 20}}}}, {"meta": {}, "success": true, "exception_info": {"raised_exception": false, "exception_message": null, "exception_traceback": null}, "result": {"element_count": 1000, "unexpected_count": 0, "unexpected_percent": 0.0, "unexpected_percent_total": 0.0, "partial_unexpected_list": []}, "expectation_config": {"expectation_type": "expect_column_values_to_not_be_null", "meta": {}, "kwargs": {"column": "device_id", "result_format": {"result_format": "SUMMARY", "partial_unexpected_count": 20}}}}, {"meta": {}, "success": true, "exception_info": {"raised_exception": false, "exception_message": null, "exception_traceback": null}, "result": {"observed_value": ["d001", "d002", "d003", "d004", "d005", "d006", "d007", "d008", "d009"], "element_count": 1000, "missing_count": null, "missing_percent": null, "details": {"value_counts": [{"value": "d001", "count": 99}, {"value": "d002", "count": 115}, {"value": "d003", "count": 127}, {"value": "d004", "count": 121}, {"value": "d005", "count": 102}, {"value": "d006", "count": 114}, {"value": "d007", "count": 105}, {"value": "d008", "count": 115}, {"value": "d009", "count": 102}]}}, "expectation_config": {"expectation_type": "expect_column_distinct_values_to_be_in_set", "meta": {}, "kwargs": {"column": "device_id", "value_set": ["d001", "d002", "d003", "d004", "d005", "d006", "d007", "d008", "d009"], "result_format": {"result_format": "SUMMARY", "partial_unexpected_count": 20}}}}, {"meta": {}, "success": true, "exception_info": {"raised_exception": false, "exception_message": null, "exception_traceback": null}, "result": {"observed_value": 0.0007260843262748896, "element_count": 1000, "missing_count": null, "missing_percent": null, "details": {"observed_partition": {"values": ["d001", "d002", "d003", "d004", "d005", "d006", "d007", "d008", "d009"], "weights": [0.099, 0.115, 0.127, 0.121, 0.102, 0.114, 0.105, 0.115, 0.102]}, "expected_partition": {"values": ["d001", "d002", "d003", "d004", "d005", "d006", "d007", "d008", "d009"], "weights": [0.104, 0.113, 0.133, 0.122, 0.103, 0.113, 0.107, 0.106, 0.099]}}}, "expectation_config": {"expectation_type": "expect_column_kl_divergence_to_be_less_than", "meta": {}, "kwargs": {"column": "device_id", "partition_object": {"values": ["d001", "d002", "d003", "d004", "d005", "d006", "d007", "d008", "d009"], "weights": [0.104, 0.113, 0.133, 0.122, 0.103, 0.113, 0.107, 0.106, 0.099]}, "threshold": 0.6, "result_format": {"result_format": "SUMMARY", "partial_unexpected_count": 20}}}}, {"meta": {}, "success": true, "exception_info": {"raised_exception": false, "exception_message": null, "exception_traceback": null}, "result": {"element_count": 1000, "unexpected_count": 0, "unexpected_percent": 0.0, "unexpected_percent_total": 0.0, "partial_unexpected_list": []}, "expectation_config": {"expectation_type": "expect_column_values_to_not_be_null", "meta": {}, "kwargs": {"column": "bytes_sent", "result_format": {"result_format": "SUMMARY", "partial_unexpected_count": 20}}}}, {"meta": {}, "success": true, "exception_info": {"raised_exception": false, "exception_message": null, "exception_traceback": null}, "result": {"observed_value": 43, "element_count": 1000, "missing_count": null, "missing_percent": null}, "expectation_config": {"expectation_type": "expect_column_min_to_be_between", "meta": {}, "kwargs": {"column": "bytes_sent", "max_value": 44, "min_value": 42, "result_format": {"result_format": "SUMMARY", "partial_unexpected_count": 20}}}}, {"meta": {}, "success": true, "exception_info": {"raised_exception": false, "exception_message": null, "exception_traceback": null}, "result": {"observed_value": 49928, "element_count": 1000, "missing_count": null, "missing_percent": null}, "expectation_config": {"expectation_type": "expect_column_max_to_be_between", "meta": {}, "kwargs": {"column": "bytes_sent", "max_value": 49929, "min_value": 49927, "result_format": {"result_format": "SUMMARY", "partial_unexpected_count": 20}}}}, {"meta": {}, "success": false, "exception_info": {"raised_exception": false, "exception_message": null, "exception_traceback": null}, "result": {"observed_value": 25546.22, "element_count": 1000, "missing_count": null, "missing_percent": null}, "expectation_config": {"expectation_type": "expect_column_mean_to_be_between", "meta": {}, "kwargs": {"column": "bytes_sent", "max_value": 25717.056, "min_value": 25715.056, "result_format": {"result_format": "SUMMARY", "partial_unexpected_count": 20}}}}, {"meta": {}, "success": false, "exception_info": {"raised_exception": false, "exception_message": null, "exception_traceback": null}, "result": {"observed_value": 26156.5, "element_count": 1000, "missing_count": null, "missing_percent": null}, "expectation_config": {"expectation_type": "expect_column_median_to_be_between", "meta": {}, "kwargs": {"column": "bytes_sent", "max_value": 26428.5, "min_value": 26426.5, "result_format": {"result_format": "SUMMARY", "partial_unexpected_count": 20}}}}, {"meta": {}, "success": false, "exception_info": {"raised_exception": false, "exception_message": null, "exception_traceback": null}, "result": {"observed_value": {"quantiles": [0.05, 0.25, 0.5, 0.75, 0.95], "values": [2463, 13525, 26132, 37382, 47526]}, "element_count": 1000, "missing_count": null, "missing_percent": null, "details": {"success_details": [false, false, false, true, false]}}, "expectation_config": {"expectation_type": "expect_column_quantile_values_to_be_between", "meta": {}, "kwargs": {"allow_relative_error": true, "column": "bytes_sent", "quantile_ranges": {"quantiles": [0.05, 0.25, 0.5, 0.75, 0.95], "value_ranges": [[2941, 2943], [13270, 13272], [26409, 26411], [37381, 37383], [47490, 47492]]}, "result_format": {"result_format": "SUMMARY", "partial_unexpected_count": 20}}}}, {"meta": {}, "success": true, "exception_info": {"raised_exception": false, "exception_message": null, "exception_traceback": null}, "result": {"element_count": 1000, "unexpected_count": 0, "unexpected_percent": 0.0, "unexpected_percent_total": 0.0, "partial_unexpected_list": []}, "expectation_config": {"expectation_type": "expect_column_values_to_not_be_null", "meta": {}, "kwargs": {"column": "device_ip_addr", "result_format": {"result_format": "SUMMARY", "partial_unexpected_count": 20}}}}, {"meta": {}, "success": true, "exception_info": {"raised_exception": false, "exception_message": null, "exception_traceback": null}, "result": {"element_count": 1000, "missing_count": 0, "missing_percent": 0.0, "unexpected_count": 0, "unexpected_percent": 0.0, "unexpected_percent_total": 0.0, "unexpected_percent_nonmissing": 0.0, "partial_unexpected_list": [], "partial_unexpected_index_list": null, "partial_unexpected_counts": []}, "expectation_config": {"expectation_type": "expect_column_value_lengths_to_be_between", "meta": {}, "kwargs": {"column": "device_ip_addr", "min_value": 1, "result_format": {"result_format": "SUMMARY", "partial_unexpected_count": 20}}}}, {"meta": {}, "success": true, "exception_info": {"raised_exception": false, "exception_message": null, "exception_traceback": null}, "result": {"element_count": 1000, "unexpected_count": 0, "unexpected_percent": 0.0, "unexpected_percent_total": 0.0, "partial_unexpected_list": []}, "expectation_config": {"expectation_type": "expect_column_values_to_not_be_null", "meta": {}, "kwargs": {"column": "timestamp", "result_format": {"result_format": "SUMMARY", "partial_unexpected_count": 20}}}}, {"meta": {}, "success": true, "exception_info": {"raised_exception": false, "exception_message": null, "exception_traceback": null}, "result": {"element_count": 1000, "missing_count": 0, "missing_percent": 0.0, "unexpected_count": 0, "unexpected_percent": 0.0, "unexpected_percent_total": 0.0, "unexpected_percent_nonmissing": 0.0, "partial_unexpected_list": [], "partial_unexpected_index_list": null, "partial_unexpected_counts": []}, "expectation_config": {"expectation_type": "expect_column_values_to_be_between", "meta": {}, "kwargs": {"column": "timestamp", "max_value": "2015-12-31 19:22:31.268000", "min_value": "2012-01-03 18:22:31.268000", "parse_strings_as_datetimes": true, "result_format": {"result_format": "SUMMARY", "partial_unexpected_count": 20}}}}], "evaluation_parameters": {}}