{"statistics": {"evaluated_expectations": 10, "successful_expectations": 10, "unsuccessful_expectations": 0, "success_percent": 100.0}, "meta": {"great_expectations_version": "0.13.14", "expectation_suite_name": "aermokhin.ods_issue.warning", "run_id": {"run_time": "2021-05-11T11:56:45.420359+00:00", "run_name": "20210511T115645.420359Z"}, "batch_kwargs": {"data_asset_name": "aermokhin.ods_issue", "datasource": "gp", "limit": 1000, "schema": "aermokhin", "table": "ods_issue"}, "batch_markers": {"ge_load_time": "20210511T115644.041751Z"}, "batch_parameters": null, "validation_time": "20210511T115645.437774Z"}, "success": true, "evaluation_parameters": {}, "results": [{"exception_info": {"raised_exception": false, "exception_message": null, "exception_traceback": null}, "result": {"observed_value": 1000}, "meta": {}, "expectation_config": {"meta": {}, "kwargs": {"max_value": 1100, "min_value": 900, "result_format": {"result_format": "SUMMARY", "partial_unexpected_count": 20}}, "expectation_type": "expect_table_row_count_to_be_between"}, "success": true}, {"exception_info": {"raised_exception": false, "exception_message": null, "exception_traceback": null}, "result": {"observed_value": 6}, "meta": {}, "expectation_config": {"meta": {}, "kwargs": {"value": 6, "result_format": {"result_format": "SUMMARY", "partial_unexpected_count": 20}}, "expectation_type": "expect_table_column_count_to_equal"}, "success": true}, {"exception_info": {"raised_exception": false, "exception_message": null, "exception_traceback": null}, "result": {"observed_value": ["user_id", "start_time", "end_time", "title", "description", "service"]}, "meta": {}, "expectation_config": {"meta": {}, "kwargs": {"column_list": ["user_id", "start_time", "end_time", "title", "description", "service"], "result_format": {"result_format": "SUMMARY", "partial_unexpected_count": 20}}, "expectation_type": "expect_table_columns_to_match_ordered_list"}, "success": true}, {"exception_info": {"raised_exception": false, "exception_message": null, "exception_traceback": null}, "result": {"element_count": 1000, "unexpected_count": 0, "unexpected_percent": 0.0, "unexpected_percent_total": 0.0, "partial_unexpected_list": []}, "meta": {}, "expectation_config": {"meta": {}, "kwargs": {"column": "service", "result_format": {"result_format": "SUMMARY", "partial_unexpected_count": 20}}, "expectation_type": "expect_column_values_to_not_be_null"}, "success": true}, {"exception_info": {"raised_exception": false, "exception_message": null, "exception_traceback": null}, "result": {"observed_value": ["Connect", "Disconnect", "Setup Environment"], "element_count": 1000, "missing_count": null, "missing_percent": null, "details": {"value_counts": [{"value": "Connect", "count": 326}, {"value": "Disconnect", "count": 317}, {"value": "Setup Environment", "count": 357}]}}, "meta": {}, "expectation_config": {"meta": {}, "kwargs": {"column": "service", "value_set": ["Connect", "Disconnect", "Setup Environment"], "result_format": {"result_format": "SUMMARY", "partial_unexpected_count": 20}}, "expectation_type": "expect_column_distinct_values_to_be_in_set"}, "success": true}, {"exception_info": {"raised_exception": false, "exception_message": null, "exception_traceback": null}, "result": {"observed_value": 0.0004951137325478732, "element_count": 1000, "missing_count": null, "missing_percent": null, "details": {"observed_partition": {"values": ["Connect", "Disconnect", "Setup Environment"], "weights": [0.326, 0.317, 0.357]}, "expected_partition": {"values": ["Connect", "Disconnect", "Setup Environment"], "weights": [0.339, 0.317, 0.344]}}}, "meta": {}, "expectation_config": {"meta": {}, "kwargs": {"column": "service", "partition_object": {"values": ["Connect", "Disconnect", "Setup Environment"], "weights": [0.339, 0.317, 0.344]}, "threshold": 0.6, "result_format": {"result_format": "SUMMARY", "partial_unexpected_count": 20}}, "expectation_type": "expect_column_kl_divergence_to_be_less_than"}, "success": true}, {"exception_info": {"raised_exception": false, "exception_message": null, "exception_traceback": null}, "result": {"element_count": 1000, "unexpected_count": 0, "unexpected_percent": 0.0, "unexpected_percent_total": 0.0, "partial_unexpected_list": []}, "meta": {}, "expectation_config": {"meta": {}, "kwargs": {"column": "title", "result_format": {"result_format": "SUMMARY", "partial_unexpected_count": 20}}, "expectation_type": "expect_column_values_to_not_be_null"}, "success": true}, {"exception_info": {"raised_exception": false, "exception_message": null, "exception_traceback": null}, "result": {"element_count": 1000, "missing_count": 0, "missing_percent": 0.0, "unexpected_count": 0, "unexpected_percent": 0.0, "unexpected_percent_total": 0.0, "unexpected_percent_nonmissing": 0.0, "partial_unexpected_list": [], "partial_unexpected_index_list": null, "partial_unexpected_counts": []}, "meta": {}, "expectation_config": {"meta": {}, "kwargs": {"column": "title", "min_value": 1, "result_format": {"result_format": "SUMMARY", "partial_unexpected_count": 20}}, "expectation_type": "expect_column_value_lengths_to_be_between"}, "success": true}, {"exception_info": {"raised_exception": false, "exception_message": null, "exception_traceback": null}, "result": {"element_count": 1000, "unexpected_count": 0, "unexpected_percent": 0.0, "unexpected_percent_total": 0.0, "partial_unexpected_list": []}, "meta": {}, "expectation_config": {"meta": {}, "kwargs": {"column": "start_time", "result_format": {"result_format": "SUMMARY", "partial_unexpected_count": 20}}, "expectation_type": "expect_column_values_to_not_be_null"}, "success": true}, {"exception_info": {"raised_exception": false, "exception_message": null, "exception_traceback": null}, "result": {"element_count": 1000, "missing_count": 0, "missing_percent": 0.0, "unexpected_count": 0, "unexpected_percent": 0.0, "unexpected_percent_total": 0.0, "unexpected_percent_nonmissing": 0.0, "partial_unexpected_list": [], "partial_unexpected_index_list": null, "partial_unexpected_counts": []}, "meta": {}, "expectation_config": {"meta": {}, "kwargs": {"column": "start_time", "max_value": "2015-12-31 00:00:00", "min_value": "2012-01-02 00:00:00", "parse_strings_as_datetimes": true, "result_format": {"result_format": "SUMMARY", "partial_unexpected_count": 20}}, "expectation_type": "expect_column_values_to_be_between"}, "success": true}]}