{"evaluation_parameters": {}, "results": [{"result": {"observed_value": 1000}, "exception_info": {"raised_exception": false, "exception_message": null, "exception_traceback": null}, "success": true, "meta": {}, "expectation_config": {"meta": {"BasicSuiteBuilderProfiler": {"confidence": "very low"}}, "expectation_type": "expect_table_row_count_to_be_between", "kwargs": {"min_value": 900, "max_value": 1100, "result_format": "SUMMARY"}}}, {"result": {"observed_value": 8}, "exception_info": {"raised_exception": false, "exception_message": null, "exception_traceback": null}, "success": true, "meta": {}, "expectation_config": {"meta": {"BasicSuiteBuilderProfiler": {"confidence": "very low"}}, "expectation_type": "expect_table_column_count_to_equal", "kwargs": {"value": 8, "result_format": "SUMMARY"}}}, {"result": {"observed_value": ["user_id", "pay_doc_type", "pay_doc_num", "account", "phone", "billing_period", "pay_date", "sum"]}, "exception_info": {"raised_exception": false, "exception_message": null, "exception_traceback": null}, "success": true, "meta": {}, "expectation_config": {"meta": {"BasicSuiteBuilderProfiler": {"confidence": "very low"}}, "expectation_type": "expect_table_columns_to_match_ordered_list", "kwargs": {"column_list": ["user_id", "pay_doc_type", "pay_doc_num", "account", "phone", "billing_period", "pay_date", "sum"], "result_format": "SUMMARY"}}}, {"result": {"element_count": 1000, "unexpected_count": 0, "unexpected_percent": 0.0, "unexpected_percent_total": 0.0, "partial_unexpected_list": []}, "exception_info": {"raised_exception": false, "exception_message": null, "exception_traceback": null}, "success": true, "meta": {}, "expectation_config": {"meta": {"BasicSuiteBuilderProfiler": {"confidence": "very low"}}, "expectation_type": "expect_column_values_to_not_be_null", "kwargs": {"column": "pay_doc_type", "result_format": "SUMMARY"}}}, {"result": {"observed_value": ["MASTER", "MIR", "VISA"], "element_count": 1000, "missing_count": null, "missing_percent": null, "details": {"value_counts": [{"value": "MASTER", "count": 346}, {"value": "MIR", "count": 339}, {"value": "VISA", "count": 315}]}}, "exception_info": {"raised_exception": false, "exception_message": null, "exception_traceback": null}, "success": true, "meta": {}, "expectation_config": {"meta": {"BasicSuiteBuilderProfiler": {"confidence": "very low"}}, "expectation_type": "expect_column_distinct_values_to_be_in_set", "kwargs": {"column": "pay_doc_type", "value_set": ["MASTER", "MIR", "VISA"], "result_format": "SUMMARY"}}}, {"result": {"observed_value": 0.0, "element_count": 1000, "missing_count": null, "missing_percent": null, "details": {"observed_partition": {"values": ["MASTER", "MIR", "VISA"], "weights": [0.346, 0.339, 0.315]}, "expected_partition": {"values": ["MASTER", "MIR", "VISA"], "weights": [0.346, 0.339, 0.315]}}}, "exception_info": {"raised_exception": false, "exception_message": null, "exception_traceback": null}, "success": true, "meta": {}, "expectation_config": {"meta": {"BasicSuiteBuilderProfiler": {"confidence": "very low"}}, "expectation_type": "expect_column_kl_divergence_to_be_less_than", "kwargs": {"column": "pay_doc_type", "partition_object": {"values": ["MASTER", "MIR", "VISA"], "weights": [0.346, 0.339, 0.315]}, "threshold": 0.6, "result_format": "SUMMARY"}}}, {"result": {"element_count": 1000, "unexpected_count": 0, "unexpected_percent": 0.0, "unexpected_percent_total": 0.0, "partial_unexpected_list": []}, "exception_info": {"raised_exception": false, "exception_message": null, "exception_traceback": null}, "success": true, "meta": {}, "expectation_config": {"meta": {"BasicSuiteBuilderProfiler": {"confidence": "very low"}}, "expectation_type": "expect_column_values_to_not_be_null", "kwargs": {"column": "pay_doc_num", "result_format": "SUMMARY"}}}, {"result": {"observed_value": 4, "element_count": 1000, "missing_count": null, "missing_percent": null}, "exception_info": {"raised_exception": false, "exception_message": null, "exception_traceback": null}, "success": true, "meta": {}, "expectation_config": {"meta": {"BasicSuiteBuilderProfiler": {"confidence": "very low"}}, "expectation_type": "expect_column_min_to_be_between", "kwargs": {"column": "pay_doc_num", "min_value": 3, "max_value": 5, "result_format": "SUMMARY"}}}, {"result": {"observed_value": 49989, "element_count": 1000, "missing_count": null, "missing_percent": null}, "exception_info": {"raised_exception": false, "exception_message": null, "exception_traceback": null}, "success": true, "meta": {}, "expectation_config": {"meta": {"BasicSuiteBuilderProfiler": {"confidence": "very low"}}, "expectation_type": "expect_column_max_to_be_between", "kwargs": {"column": "pay_doc_num", "min_value": 49988, "max_value": 49990, "result_format": "SUMMARY"}}}, {"result": {"observed_value": 25419.654, "element_count": 1000, "missing_count": null, "missing_percent": null}, "exception_info": {"raised_exception": false, "exception_message": null, "exception_traceback": null}, "success": true, "meta": {}, "expectation_config": {"meta": {"BasicSuiteBuilderProfiler": {"confidence": "very low"}}, "expectation_type": "expect_column_mean_to_be_between", "kwargs": {"column": "pay_doc_num", "min_value": 25418.654, "max_value": 25420.654, "result_format": "SUMMARY"}}}, {"result": {"observed_value": 25383.5, "element_count": 1000, "missing_count": null, "missing_percent": null}, "exception_info": {"raised_exception": false, "exception_message": null, "exception_traceback": null}, "success": true, "meta": {}, "expectation_config": {"meta": {"BasicSuiteBuilderProfiler": {"confidence": "very low"}}, "expectation_type": "expect_column_median_to_be_between", "kwargs": {"column": "pay_doc_num", "min_value": 25382.5, "max_value": 25384.5, "result_format": "SUMMARY"}}}, {"result": {"observed_value": {"quantiles": [0.05, 0.25, 0.5, 0.75, 0.95], "values": [3159, 12868, 25361, 38126, 48056]}, "element_count": 1000, "missing_count": null, "missing_percent": null, "details": {"success_details": [true, true, true, true, true]}}, "exception_info": {"raised_exception": false, "exception_message": null, "exception_traceback": null}, "success": true, "meta": {}, "expectation_config": {"meta": {"BasicSuiteBuilderProfiler": {"confidence": "very low"}}, "expectation_type": "expect_column_quantile_values_to_be_between", "kwargs": {"column": "pay_doc_num", "quantile_ranges": {"quantiles": [0.05, 0.25, 0.5, 0.75, 0.95], "value_ranges": [[3158, 3160], [12867, 12869], [25360, 25362], [38125, 38127], [48055, 48057]]}, "allow_relative_error": true, "result_format": "SUMMARY"}}}, {"result": {"element_count": 1000, "unexpected_count": 0, "unexpected_percent": 0.0, "unexpected_percent_total": 0.0, "partial_unexpected_list": []}, "exception_info": {"raised_exception": false, "exception_message": null, "exception_traceback": null}, "success": true, "meta": {}, "expectation_config": {"meta": {"BasicSuiteBuilderProfiler": {"confidence": "very low"}}, "expectation_type": "expect_column_values_to_not_be_null", "kwargs": {"column": "account", "result_format": "SUMMARY"}}}, {"result": {"element_count": 1000, "missing_count": 0, "missing_percent": 0.0, "unexpected_count": 0, "unexpected_percent": 0.0, "unexpected_percent_total": 0.0, "unexpected_percent_nonmissing": 0.0, "partial_unexpected_list": [], "partial_unexpected_index_list": null, "partial_unexpected_counts": []}, "exception_info": {"raised_exception": false, "exception_message": null, "exception_traceback": null}, "success": true, "meta": {}, "expectation_config": {"meta": {"BasicSuiteBuilderProfiler": {"confidence": "very low"}}, "expectation_type": "expect_column_value_lengths_to_be_between", "kwargs": {"column": "account", "min_value": 1, "result_format": "SUMMARY"}}}, {"result": {"element_count": 1000, "unexpected_count": 0, "unexpected_percent": 0.0, "unexpected_percent_total": 0.0, "partial_unexpected_list": []}, "exception_info": {"raised_exception": false, "exception_message": null, "exception_traceback": null}, "success": true, "meta": {}, "expectation_config": {"meta": {"BasicSuiteBuilderProfiler": {"confidence": "very low"}}, "expectation_type": "expect_column_values_to_not_be_null", "kwargs": {"column": "pay_date", "result_format": "SUMMARY"}}}, {"result": {"element_count": 1000, "missing_count": 0, "missing_percent": 0.0, "unexpected_count": 0, "unexpected_percent": 0.0, "unexpected_percent_total": 0.0, "unexpected_percent_nonmissing": 0.0, "partial_unexpected_list": [], "partial_unexpected_index_list": null, "partial_unexpected_counts": []}, "exception_info": {"raised_exception": false, "exception_message": null, "exception_traceback": null}, "success": true, "meta": {}, "expectation_config": {"meta": {"BasicSuiteBuilderProfiler": {"confidence": "very low"}}, "expectation_type": "expect_column_values_to_be_between", "kwargs": {"column": "pay_date", "min_value": "2012-01-04 00:00:00", "max_value": "2015-12-31 00:00:00", "parse_strings_as_datetimes": true, "result_format": "SUMMARY"}}}], "success": true, "meta": {"great_expectations_version": "0.13.14", "expectation_suite_name": "aermokhin.ods_payment.warning", "run_id": {"run_time": "2021-05-11T11:42:10.357762+00:00", "run_name": "20210511T114210.357762Z"}, "batch_kwargs": {"table": "ods_payment", "schema": "aermokhin", "limit": 1000, "data_asset_name": "aermokhin.ods_payment", "datasource": "gp"}, "batch_markers": {"ge_load_time": "20210511T114210.392740Z"}, "batch_parameters": null, "validation_time": "20210511T114219.702089Z"}, "statistics": {"evaluated_expectations": 16, "successful_expectations": 16, "unsuccessful_expectations": 0, "success_percent": 100.0}}