{"success": true, "results": [{"success": true, "meta": {}, "exception_info": {"raised_exception": false, "exception_message": null, "exception_traceback": null}, "expectation_config": {"kwargs": {"column_list": ["user_id", "pay_doc_type", "pay_doc_num", "account", "phone", "billing_period", "pay_date", "sum"], "result_format": {"result_format": "SUMMARY", "partial_unexpected_count": 20}}, "expectation_type": "expect_table_columns_to_match_ordered_list", "meta": {}}, "result": {"observed_value": ["user_id", "pay_doc_type", "pay_doc_num", "account", "phone", "billing_period", "pay_date", "sum"]}}, {"success": true, "meta": {}, "exception_info": {"raised_exception": false, "exception_message": null, "exception_traceback": null}, "expectation_config": {"kwargs": {"column": "pay_doc_type", "value_set": ["MASTER", "MIR", "VISA"], "result_format": {"result_format": "SUMMARY", "partial_unexpected_count": 20}}, "expectation_type": "expect_column_distinct_values_to_be_in_set", "meta": {}}, "result": {"observed_value": ["MASTER", "MIR", "VISA"], "element_count": 1000, "missing_count": null, "missing_percent": null, "details": {"value_counts": [{"value": "MASTER", "count": 348}, {"value": "MIR", "count": 344}, {"value": "VISA", "count": 308}]}}}, {"success": true, "meta": {}, "exception_info": {"raised_exception": false, "exception_message": null, "exception_traceback": null}, "expectation_config": {"kwargs": {"column": "pay_doc_type", "partition_object": {"values": ["MASTER", "MIR", "VISA"], "weights": [0.348, 0.344, 0.308]}, "threshold": 0.6, "result_format": {"result_format": "SUMMARY", "partial_unexpected_count": 20}}, "expectation_type": "expect_column_kl_divergence_to_be_less_than", "meta": {}}, "result": {"observed_value": 0.0, "element_count": 1000, "missing_count": null, "missing_percent": null, "details": {"observed_partition": {"values": ["MASTER", "MIR", "VISA"], "weights": [0.348, 0.344, 0.308]}, "expected_partition": {"values": ["MASTER", "MIR", "VISA"], "weights": [0.348, 0.344, 0.308]}}}}, {"success": true, "meta": {}, "exception_info": {"raised_exception": false, "exception_message": null, "exception_traceback": null}, "expectation_config": {"kwargs": {"column": "pay_doc_type", "value_set": ["MASTER", "MIR", "VISA"], "result_format": {"result_format": "SUMMARY", "partial_unexpected_count": 20}}, "expectation_type": "expect_column_distinct_values_to_equal_set", "meta": {}}, "result": {"observed_value": ["MASTER", "MIR", "VISA"], "element_count": 1000, "missing_count": null, "missing_percent": null, "details": {"value_counts": [{"value": "MASTER", "count": 348}, {"value": "MIR", "count": 344}, {"value": "VISA", "count": 308}]}}}, {"success": true, "meta": {}, "exception_info": {"raised_exception": false, "exception_message": null, "exception_traceback": null}, "expectation_config": {"kwargs": {"column": "pay_doc_num", "result_format": {"result_format": "SUMMARY", "partial_unexpected_count": 20}}, "expectation_type": "expect_column_values_to_not_be_null", "meta": {}}, "result": {"element_count": 1000, "unexpected_count": 0, "unexpected_percent": 0.0, "unexpected_percent_total": 0.0, "partial_unexpected_list": []}}, {"success": true, "meta": {}, "exception_info": {"raised_exception": false, "exception_message": null, "exception_traceback": null}, "expectation_config": {"kwargs": {"column": "account", "result_format": {"result_format": "SUMMARY", "partial_unexpected_count": 20}}, "expectation_type": "expect_column_values_to_not_be_null", "meta": {}}, "result": {"element_count": 1000, "unexpected_count": 0, "unexpected_percent": 0.0, "unexpected_percent_total": 0.0, "partial_unexpected_list": []}}, {"success": true, "meta": {}, "exception_info": {"raised_exception": false, "exception_message": null, "exception_traceback": null}, "expectation_config": {"kwargs": {"column": "pay_date", "result_format": {"result_format": "SUMMARY", "partial_unexpected_count": 20}}, "expectation_type": "expect_column_values_to_not_be_null", "meta": {}}, "result": {"element_count": 1000, "unexpected_count": 0, "unexpected_percent": 0.0, "unexpected_percent_total": 0.0, "partial_unexpected_list": []}}], "meta": {"great_expectations_version": "0.13.14", "expectation_suite_name": "aermokhin.ods_payment.warning", "run_id": {"run_time": "2021-05-04T19:00:50.128088+00:00", "run_name": "20210504T190050.128088Z"}, "batch_kwargs": {"data_asset_name": "aermokhin.ods_payment", "datasource": "gp", "limit": 1000, "schema": "aermokhin", "table": "ods_payment"}, "batch_markers": {"ge_load_time": "20210504T190048.582162Z"}, "batch_parameters": null, "validation_time": "20210504T190050.221034Z"}, "statistics": {"evaluated_expectations": 7, "successful_expectations": 7, "unsuccessful_expectations": 0, "success_percent": 100.0}, "evaluation_parameters": {}}